Mac Address,Model,Location,Comment
045FB9B6DEC5,7841,Mod Lab A,
045FB9B6DEE7,7841,Mod Lab A,
045FB9B6DF72,7841,Mod Lab A,
045FB9B6DE2C,7841,Mod Lab A,
045FB9B6DE8A,7841,Mod Lab A,
045FB9B6DEAA,7841,Mod Lab A,
045FB9B6DE74,7841,Mod Lab A,
045FB9B6DF26,7841,Mod Lab A,
045FB9B6DE4C,7841,Mod Lab A,
045FB9B6DEA1,7841,Mod Lab A,
045FB9B6DE43,7841,Mod Lab A,
045FB9B6DE45,7841,Mod Lab A,
045FB9B6D2DB,7841,Mod Lab A,
045FB9B6DF65,7841,Mod Lab A,
045FB9B6DEBD,7841,Mod Lab A,
045FB9B6CCA7,7841,Mod Lab A,
045FB9B6DEA7,7841,Mod Lab A,
045FB9B6DE60,7841,Mod Lab A,
045FB9B6DE80,7841,Mod Lab A,
045FB9B6CEC0,7841,Mod Lab A,
045FB9B6DEBA,7841,Mod Lab A,
045FB9B6DE9D,7841,Mod Lab A,
045FB9B6CC6D,7841,Mod Lab A,
045FB9B6DE38,7841,Mod Lab A,
045FB9B6CD12,7841,Mod Lab A,
045FB9B6DE73,7841,Mod Lab A,
045FB9B6DF60,7841,Mod Lab A,
045FB9B6DF62,7841,Mod Lab A,
045FB9B6CD79,7841,Mod Lab A,
BCE7127EAEF5,8811,Mod Lab A,
BCE7127EAEFF,8811,Mod Lab A,
BCE7127EAEFD,8811,Mod Lab A,
E8EB34D98286,8811,Mod Lab A,
E8EB34D981FD,8811,Mod Lab A,
ECCE13DB8A7E,8811,Mod Lab A,
E8EB34D98204,8811,Mod Lab A,
E8EB34D98201,8811,Mod Lab A,
E8EB34D98352,8811,Mod Lab A,
BCE71281444A,8811,Mod Lab A,
BCE7127EB190,8811,Mod Lab A,
BCE7127EA8D1,8811,Mod Lab A,
BCE7127EAA66,8811,Mod Lab A,
BCE71281459A,8811,Mod Lab A,
BCE7127EB371,8811,Mod Lab A,
BCE7127EB1C6,8811,Mod Lab A,
BCE7127EBCF3,8811,Mod Lab A,
BCE7127EAF30,8811,Mod Lab A,
BCE7127EACA7,8811,Mod Lab A,
BCE7127EB186,8811,Mod Lab A,
BCE7127EB09D,8811,Mod Lab A,
BCE712813F3E,8811,Mod Lab A,
BCE7127EA53F,8811,Mod Lab A,
BCE712814009,8811,Mod Lab A,
045FB99AF080,8851,Mod Lab A,
045FB99B5C20,8851,Mod Lab A,
045FB99AD9F8,8851,Mod Lab A,
045FB99AEAD4,8851,Mod Lab A,
045FB99AE88A,8851,Mod Lab A,
045FB99AAEB2,8851,Mod Lab A,
045FB99B678A,8851,Mod Lab A,
045FB99AECE0,8851,Mod Lab A,
045FB99B7ACE,8851,Mod Lab A,
045FB99AE56C,8851,Mod Lab A,
045FB99AE70A,8851,Mod Lab A,
045FB99AE22C,8851,Mod Lab A,
045FB99AEBDE,8851,Mod Lab A,
045FB99B662A,8851,Mod Lab A,
045FB99AD914,8851,Mod Lab A,
045FB99B57DA,8851,Mod Lab A,
045FB99AD9B4,8851,Mod Lab A,
045FB99AE0DA,8851,Mod Lab A,
045FB99AD648,8851,Mod Lab A,
045FB99AE156,8851,Mod Lab A,
045FB99AAEB0,8851,Mod Lab A,
045FB99AD712,8851,Mod Lab A,
045FB99B4C2E,8851,Mod Lab A,
045FB99B6664,8851,Mod Lab A,
045FB99B4C0E,8851,Mod Lab A,
045FB99B7A04,8851,Mod Lab A,
045FB99B6B70,8851,Mod Lab A,
045FB9B6CCEB,7841,Mod Lab A,
BCE7127EB1A3,8811,Mod Lab A,
BCE7127EAA7D,8811,Mod Lab A,
BCE7127EB426,8811,Mod Lab A,
BCE71281447C,8811,Mod Lab A,
